firstName,lastName,userName,email,company,department
Diane,Smith,diane.smith@oktaice.com,diane.smith@oktaice.com,Smith Core,Advertisement
Hope,Valley,hope.valley@oktaice.com,h.valley@oktaice.com,Trinkets Inc,Sales
Michal,Suggate,msuggatem9@tuttocitta.it,msuggatem9@businesswire.example.com,Keeling Group,Research and Development
Carmen,Noon,cnoonma@skype.example.com,cnoonma@istockphoto.example.com,Crist and Sons,Services
Stacia,Tremblett,stremblettmb@w3.org,stremblettmb@altervista.org,Metz-O'Keefe,Marketing
Prince,Leyman,pleymanmc@dropbox.example.com,pleymanmc@twitpic.example.com,"Gorczany, Bergnaum and Ernser",Services
Wilfred,Kynnd,wkynndmd@360.cn,wkynndmd@tinypic.example.com,Johnson Inc,Support
Rowen,Deakins,rdeakinsme@google.example.com.hk,rdeakinsme@canalblog.example.com,Hyatt-Lang,Training
Iormina,Ramel,iramelmf@blogtalkradio.example.com,iramelmf@sbwire.example.com,Morissette LLC,Training
Barnabas,Yakobowitch,byakobowitchmg@independent.co.uk,byakobowitchmg@miibeian.gov.example.cn,Sporer and Sons,Sales
Elli,Marmon,emarmonmh@domainmarket.example.com,emarmonmh@51.example.la,Crist-Barrows,Human Resources
Brigham,Mathan,bmathanmi@barnesandnoble.example.com,bmathanmi@weather.example.com,Schmitt and Sons,Services
Kaye,Gallamore,kgallamoremj@vimeo.example.com,kgallamoremj@goodreads.example.com,Homenick-Rowe,Sales
Winifield,Wagon,wwagonmk@hibu.example.com,wwagonmk@csmonitor.example.com,Christiansen-Crona,Support
Van,Leathley,vleathleyml@marriott.example.com,vleathleyml@tinyurl.example.com,Williamson-Anderson,Research and Development
Lee,Varrow,lvarrowmm@posterous.example.com,lvarrowmm@apple.example.com,Hickle-Hayes,Accounting
Kendricks,Deyes,kdeyesmn@nationalgeographic.example.com,kdeyesmn@discovery.example.com,Dach-Bode,Marketing
Elonore,Izzard,eizzardmo@aboutads.info,eizzardmo@nbcnews.example.com,"Nader, Russel and McClure",Marketing
Alphard,Francescuzzi,afrancescuzzimp@bluehost.example.com,afrancescuzzimp@psu.example.edu,"Grimes, Lang and Tremblay",Business Development
Berny,Slimon,bslimonmq@walmart.example.com,bslimonmq@vkontakte.example.ru,Parker Inc,Support
Yulma,Seston,ysestonmr@opera.example.com,ysestonmr@nature.example.com,Ledner-Tremblay,Marketing
Eloise,Gadney,egadneyms@rediff.example.com,egadneyms@vistaprint.example.com,Armstrong-Trantow,Marketing
Christal,Gummory,cgummorymt@squarespace.example.com,cgummorymt@jimdo.example.com,Daugherty Group,Accounting
Kayley,Larrie,klarriemu@a8.net,klarriemu@phoca.example.cz,"Bergnaum, Greenholt and Wilkinson",Marketing
Nissie,Thrasher,nthrashermv@amazonaws.example.com,nthrashermv@kickstarter.example.com,"Batz, Rosenbaum and Harber",Engineering
Ilka,Sudron,isudronmw@tripadvisor.example.com,isudronmw@sfgate.example.com,Ortiz-Balistreri,Legal
Salvatore,McGavin,smcgavinmx@cpanel.net,smcgavinmx@msn.example.com,,Marketing
Paxton,Wych,pwychmy@parallels.example.com,pwychmy@pcworld.example.com,"Kris, Daugherty and Conroy",Product Management
Michele,Spore,msporemz@scribd.example.com,msporemz@dedecms.example.com,Bruen Inc,Research and Development
Jayne,Sworne,jswornen0@auda.org.au,jswornen0@redcross.example.org,"Little, Gulgowski and Hayes",Training
Lebbie,Bambury,lbamburyn1@meetup.example.com,lbamburyn1@redcross.example.org,Murazik-Witting,Human Resources
Sarah,Stud,sstudn2@oaic.gov.au,sstudn2@apple.example.com,"Greenholt, Schaefer and Leffler",Accounting
Gawain,Fillgate,gfillgaten3@icq.example.com,gfillgaten3@hatena.ne.example.jp,Wunsch-Bayer,Engineering
Douglass,Poveleye,dpoveleyen4@acquirethisname.example.com,dpoveleyen4@stanford.example.edu,"Miller, Larkin and White",Engineering
Irwinn,Birtwistle,ibirtwistlen5@fema.gov,ibirtwistlen5@accuweather.example.com,"Murray, Swaniawski and Barton",Business Development
Olympie,Stenner,ostennern6@flavors.me,ostennern6@goo.ne.example.jp+D56,"Armstrong, Effertz and Fisher",Business Development
Benjamin,Francesconi,bfrancesconin7@skyrock.example.com,bfrancesconin7@go.example.com,"Fisher, Turner and Emmerich",Training
Delainey,Emnoney,demnoneyn8@mozilla.example.com,demnoneyn8@mozilla.example.com,Brekke-Kreiger,Product Management
Hans,Fabri,hfabrin9@prlog.org,hfabrin9@hugedomains.example.com,"Goldner, Satterfield and Spencer",Sales
Boris,Jorden,bjordenna@shop-pro.jp,bjordenna@123-reg.co.example.uk,,Business Development
Eleonora,Skitteral,eskitteralnb@bbc.co.uk,eskitteralnb@vkontakte.example.ru,"Quitzon, Ebert and Christiansen",Services
Phyllis,Winspurr,pwinspurrnc@wix.example.com,pwinspurrnc@paginegialle.example.it,Kuphal and Sons,Accounting
Erek,Scanlin,escanlinnd@edublogs.org,escanlinnd@alibaba.example.com,Frami Inc,Marketing
Mirilla,Branni,mbrannine@nasa.gov,mbrannine@ehow.example.com,"Monahan, Mante and Mueller",Human Resources
Noll,Larkcum,nlarkcumnf@stumbleupon.example.com,nlarkcumnf@joomla.example.org,Blanda and Sons,Support
Joella,Masdon,jmasdonng@myspace.example.com,jmasdonng@delicious.example.com,Hammes and Sons,Product Management
Hester,Simione,hsimionenh@google.it,hsimionenh@1und1.example.de,Von-Pfeffer,Research and Development
Ara,MacGilrewy,amacgilrewyni@plala.or.jp,amacgilrewyni@nymag.example.com,Stark Inc,Business Development
Nicole,Gandrich,ngandrichnj@geocities.example.com,ngandrichnj@cargocollective.example.com,Stiedemann Group,Engineering
Leah,Le Huquet,llehuquetnk@canalblog.example.com,llehuquetnk@google.example.com.au,Larkin-Skiles,Services
Sibeal,Bianco,sbianconl@imgur.example.com,sbianconl@shinystat.example.com,Batz LLC,Sales
Jandy,Kirsz,jkirsznm@adobe.example.com,jkirsznm@omniture.example.com,Hauck Inc,Product Management
Paton,Barrasse,pbarrassenn@ftc.gov,pbarrassenn@ameblo.example.jp,Streich-Champlin,Marketing
Gretal,Shakeshaft,gshakeshaftno@cnn.example.com,gshakeshaftno@mit.example.edu,D'Amore Inc,Services
Carleen,Ravilus,cravilusnp@reuters.example.com,cravilusnp@va.example.gov,O'Conner and Sons,Support
Raynard,Steggals,rsteggalsnq@nifty.example.com,rsteggalsnq@cbsnews.example.com,Hermiston-Conroy,Accounting
Ewart,Bartalin,ebartalinnr@webeden.co.uk,ebartalinnr@pagesperso-orange.example.fr,O'Kon-Feil,Research and Development
Gerard,Spearett,gspearettns@blinklist.example.com,gspearettns@baidu.example.com,"Cruickshank, Frami and Leuschke",Product Management
Marilyn,Oultram,moultramnt@huffingtonpost.example.com,moultramnt@wikia.example.com,Lynch-Morissette,Business Development
Sharron,Raffels,sraffelsnu@over-blog.example.com,sraffelsnu@oaic.gov.example.au,Gleichner-Windler,Advertisement
Perkin,Scneider,pscneidernv@behance.net,pscneidernv@arizona.example.edu,"Wisozk, Boyer and Ondricka",Training
Devin,Kennagh,dkennaghnw@marketwatch.example.com,dkennaghnw@google.example.com.br,Ward and Sons,Business Development
Frank,Lexa,flexanx@stumbleupon.example.com,flexanx@hostgator.example.com,,Legal
Deeanne,Planks,dplanksny@bbb.org,dplanksny@hc360.example.com,Kuvalis-Ward,Research and Development
Stephenie,Grannell,sgrannellnz@ocn.ne.jp,sgrannellnz@163.example.com,"Huels, Mitchell and O'Conner",Legal
Isaak,Wilding,iwildingo0@cmu.edu,iwildingo0@4shared.example.com,Lubowitz Group,Legal
Justinian,Kingham,jkinghamo1@zdnet.example.com,jkinghamo1@friendfeed.example.com,Berge-Okuneva,Business Development
Cassie,Ridgwell,cridgwello2@mediafire.example.com,cridgwello2@sogou.example.com,Little Group,Business Development
Stacee,Dillestone,sdillestoneo3@indiegogo.example.com,sdillestoneo3@dell.example.com,Kertzmann-Blick,Training
Ellie,Wallbridge,ewallbridgeo4@themeforest.net,ewallbridgeo4@eepurl.example.com,"Morar, Kuhlman and Howell",Engineering
Mufinella,Treslove,mtresloveo5@weibo.example.com,mtresloveo5@sfgate.example.com,Hansen Group,Business Development
Micah,Steckings,msteckingso6@artisteer.example.com,msteckingso6@google.example.de,Cruickshank LLC,Training
Hedwiga,Broschek,hbroscheko7@vinaora.example.com,hbroscheko7@php.example+D93.net,Herzog Inc,Support
Taber,Trulock,ttrulocko8@webeden.co.uk,ttrulocko8@studiopress.example.com,Wolf LLC,Research and Development
Alleyn,Delion,adeliono9@yale.edu,adeliono9@cbsnews.example.com,Hane and Sons,Business Development
Munmro,Carthy,mcarthyoa@dagondesign.example.com,mcarthyoa@godaddy.example.com,Rosenbaum-Satterfield,Research and Development
Farr,Shillum,fshillumob@youku.example.com,fshillumob@com.example.com,Kiehn and Sons,Services
Wes,McSwan,wmcswanoc@indiegogo.example.com,wmcswanoc@uiuc.example.edu,"Ankunding, Grant and Hettinger",Marketing
Effie,Cowx,ecowxod@nih.gov,ecowxod@gov.example.uk,"Beahan, Reichert and Baumbach",Engineering
Aguste,Sivil,asiviloe@hostgator.example.com,asiviloe@unicef.example.org,Hane and Sons,Research and Development
Katti,Pesterfield,kpesterfieldof@friendfeed.example.com,kpesterfieldof@japanpost.example.jp,"Jenkins, Hoppe and Block",Services
Farley,Gallichan,fgallichanog@nature.example.com,fgallichanog@adobe.example.com,,Human Resources
Shirley,Gransden,sgransdenoh@theglobeandmail.example.com,sgransdenoh@ocn.ne.example.jp,Spinka Inc,Legal
Camella,Heisham,cheishamoi@netvibes.example.com,cheishamoi@bbc.co.example.uk,Ebert and Sons,Research and Development
Lyda,Commin,lcomminoj@engadget.example.com,lcomminoj@pbs.example.org,McDermott-Haag,Services
Burtie,Berzons,bberzonsok@examiner.example.com,bberzonsok@yolasite.example.com,Doyle and Sons,Research and Development
Nevins,Neames,nneamesol@msu.edu,nneamesol@harvard.example.edu,Pollich Group,Training
Melisse,Freeth,mfreethom@indiatimes.example.com,mfreethom@rakuten.example.co.jp,Bailey-Schowalter,Accounting
Christel,Featley,cfeatleyon@nsw.gov.au,cfeatleyon@dailymail.example.co.uk,Abbott and Sons,Research and Development
Mercie,Gilston,mgilstonoo@sun.example.com,mgilstonoo@pbs.example.org,Ziemann-Shanahan,Services
Birch,Marshalleck,bmarshalleckop@blinklist.example.com,bmarshalleckop@buzzfeed.example.com,Rosenbaum Group,Research and Development
Minne,Shemilt,mshemiltoq@netvibes.example.com,mshemiltoq@huffingtonpost.example.com,"Rempel, Green and Moen",Engineering
Cristobal,Choupin,cchoupinor@google.pl,cchoupinor@dailymail.example.co.uk+D113,"Ratke, Von and Witting",Services
Dov,Papps,dpappsos@digg.example.com,dpappsos@wp.example.com,Hammes Group,Human Resources
Jacenta,Sacco,jsaccoot@jimdo.example.com,jsaccoot@goo.ne.example.jp,"Wolf, Cole and Wolf",Sales
Bettine,Pratty,bprattyou@jiathis.example.com,bprattyou@springer.example.com,Feest and Sons,Product Management
Titus,Mallard,tmallardov@rambler.ru,tmallardov@wikimedia.example.org,Metz Group,Services
Daryn,Maudsley,dmaudsleyow@sfgate.example.com,dmaudsleyow@51.example.la,VonRueden-Maggio,Services
Alister,Diperaus,adiperausox@sitemeter.example.com,adiperausox@ucsd.example.edu,Medhurst Inc,Services
